"set_id","spelling","meaning"
"1","ma","幽霊"
"1","má","母・頬"
"1","mà","しかし"
"1","mả","墓"
"1","mã","馬（複合語ではコード等の意味も）"
"1","mạ","稲の苗"
"2","la","叫ぶ"
"2","lá","葉"
"2","là","〜である"
"2","lả","疲れ果てた"
"2","lã","水っぽい・味気ない（nước lã=ただの水）"
"2","lạ","見慣れない・不思議な"
"3","ba","3（数字）・父"
"3","bá","伯父（父の兄）※やや古風な言い方"
"3","bà","おばあさん・〜さん（年配女性）"
"3","bả","毒餌※やや特殊な語"
"3","bã","かす・残りかす"
"3","bạ","いい加減な（bừa bạ=でたらめ、の構成要素）※単独使用は稀"
"4","ca","ケース・一件"
"4","cá","魚"
"4","cà","ナス（cà tím等の構成要素）"
"4","cả","全部"
"5","ta","私たち・我々"
"5","tá","ダース（12個）"
"5","tà","邪悪な（tà ma等）"
"5","tả","描写する"
"5","tã","おむつ"
"5","tạ","100kg（重量単位）・お礼をする（cảm tạ）"
"6","xa","遠い"
"6","xá","（人名・地名の構成要素が中心。単独使用は稀）"
"6","xà","蛇（漢越語、xà phòng=石鹸等の構成要素にも）"
"6","xả","放出する・（xả rác=ゴミを捨てる）"
"7","da","皮膚"
"7","dạ","はい（丁寧な返事）・お腹（漢越語）"
"7","đa","多い（漢越語、đa số=多数）"
"7","đà","勢い（đà point の意味、動作の勢い）"
"8","sa","落ちる（sa xuống=落ちる、書き言葉的）"
"8","sà","舞い降りる（sà xuống）"
"8","sả","レモングラス"
"9","va","ぶつかる"
"9","và","そして"
"9","vạ","災い（tai vạ=災難）"
"10","ăn","食べる"
"10","ân","恩恵"
"10","an","安全な"
"11","tôi","私"
"11","tối","夜"
"12","mưa","雨"
"12","mua","買う"
"13","bạn","友達"
"13","bận","忙しい"
"14","cơm","ご飯"
"14","con","子供・（生き物を数える類別詞）"
"15","nước","水・国"
"15","ngược","逆の"
"16","học","学ぶ"
"16","hộc","引き出し"
"17","số","数字"
"17","sợ","怖い"
"18","cô","叔母（父方）・（女性教師への呼びかけ）"
"18","cỏ","草"
"18","cổ","首・古い"
"19","bơi","泳ぐ"
"19","bởi","〜によって（bởi vì=なぜなら）"
"21","thư","手紙"
"21","thứ","〜番目・種類"
"22","khô","乾いた"
"22","khổ","苦しい"
"23","mắt","目"
"23","mật","蜜（mật ong=はちみつ）"
"24","anh","あなた（年上男性）・兄"
"24","ánh","光（ánh sáng=光）"
"27","đường","道・砂糖"
"27","đương","〜している最中（đương nhiên=当然）"
"28","trường","学校"
"28","trưởng","長・リーダー（trưởng phòng=部長）"
"30","quả","果物・結果"
"30","qua","通り過ぎる・向こう"
"31","ạ","丁寧さを表す文末詞"
"31","à","あ、〜なの？"
"32","ấm","暖かい"
"32","ẩm","湿っている"
"33","bán","売る"
"33","bẩn","汚い"
"33","bàn","机、テーブル"
"34","bằng","〜で、〜によって"
"34","bảng","黒板、表"
"35","bão","嵐、台風"
"35","báo","新聞"
"36","bố","父"
"36","bò","牛"
"36","bỏ","やめる、捨てる"
"37","cam","オレンジ"
"37","cầm","持つ、つかむ"
"38","cay","辛い"
"38","cây","木、植物"
"39","chào","こんにちは、やあ"
"39","cháo","おかゆ"
"39","chảo","フライパン"
"40","chị","あなた（年上女性）"
"40","chỉ","ただ、〜だけ"
"41","chợ","市場"
"41","cho","〜に、〜のために"
"41","chó","犬"
"41","chỗ","場所"
"41","chờ","待つ"
"42","chưa","まだ〜していない"
"42","chua","酸っぱい"
"43","cũ","古い"
"43","cứ","そのまま〜する、どうぞ〜"
"44","của","〜の"
"44","cửa","ドア"
"44","cua","カニ"
"45","cũng","〜も、また"
"45","cùng","一緒に、同じ"
"46","đã","すでに、過去を表す"
"46","đá","石"
"47","đang","〜している、進行中"
"47","đắng","苦い"
"48","dao","包丁、ナイフ"
"48","đảo","島"
"49","đặt","置く、注文する"
"49","đắt","高い"
"49","đất","土、土地"
"50","đâu","どこ"
"50","đầu","頭"
"50","đau","痛い、痛む"
"51","đây","ここ、こちら"
"51","dạy","教える"
"51","dày","厚い"
"52","để","〜するために、置く"
"52","dễ","簡単な"
"53","đêm","夜中"
"53","đem","持ってくる、持っていく"
"54","đến","来る"
"54","đèn","照明、ランプ"
"54","đen","黒い"
"55","đẹp","美しい"
"55","dép","サンダル"
"56","đó","それ、あそこ"
"56","do","〜によって、〜のために"
"56","đỏ","赤い"
"56","đỡ","楽になる、支える"
"57","đổi","交換する、変える"
"57","đói","お腹が空いた"
"57","đợi","待つ"
"58","dọn","片付ける"
"58","đón","迎える"
"59","đồng","ドン、ベトナム通貨"
"59","đóng","閉める、閉じる"
"60","đưa","渡す、連れて行く"
"60","dứa","パイナップル"
"60","đũa","箸"
"61","đúng","正しい、その通り"
"61","đừng","〜しないで"
"61","đứng","立つ"
"61","dừng","止まる"
"62","ga","駅"
"62","gà","鶏"
"63","gan","肝臓"
"63","gần","近い"
"64","giây","秒"
"64","giày","靴"
"65","giờ","時間、時刻"
"65","gió","風"
"66","hãy","〜しよう、〜してください"
"66","hay","よい、上手、よく"
"67","họ","彼ら"
"67","ho","咳をする、咳"
"67","hổ","トラ"
"67","hồ","湖"
"68","hỏi","尋ねる"
"68","hơi","少し、やや"
"69","họng","喉"
"69","hồng","ピンク"
"70","lưỡi","舌"
"70","lười","怠けた、怠惰な"
"71","mang","持っていく、持ってくる"
"71","mạng","ネットワーク、インターネット"
"72","mặt","顔"
"72","mát","涼しい"
"73","máu","血"
"73","màu","色"
"74","mẹ","母"
"74","mê","夢中になる"
"75","mới","新しい"
"75","mọi","すべての、毎〜"
"76","mùi","匂い、におい"
"76","mũi","鼻"
"77","muộn","遅い、遅く"
"77","muốn","欲しい、〜したい"
"78","năm","5"
"78","nằm","横になる"
"78","nam","男性、南"
"79","ngay","すぐに"
"79","ngày","日"
"80","nghĩ","考える、思う"
"80","nghỉ","休む、休暇"
"81","ngứa","かゆい"
"81","ngựa","馬"
"82","nhé","〜ね、〜しようね"
"82","nhẹ","軽い"
"83","nhỏ","小さい"
"83","nhớ","覚えている、思い出す"
"83","nho","ぶどう"
"84","nói","話す"
"84","nồi","鍋"
"84","nơi","場所"
"85","phở","フォー"
"85","phố","街、通り"
"86","quá","あまりに、〜すぎる"
"86","quà","プレゼント"
"87","quán","店、飲食店"
"87","quần","ズボン"
"87","quận","区、郡"
"88","sạch","きれい、清潔な"
"88","sách","本"
"89","sáu","6"
"89","sau","後、〜の後"
"90","sữa","牛乳、ミルク"
"90","sửa","修理する、直す"
"91","tại","〜で、〜に"
"91","tai","耳"
"91","tải","ダウンロードする、積む"
"92","tám","8"
"92","tắm","シャワーを浴びる"
"93","táo","りんご"
"93","tạo","作る、創造する"
"94","thì","〜なら、〜は"
"94","thi","試験を受ける"
"95","tiền","お金"
"95","tiễn","見送る"
"96","tim","心臓、心"
"96","tím","紫"
"97","trà","お茶"
"97","trả","返す、支払う"
"98","từ","〜から、言葉"
"98","tủ","戸棚、タンス"
"99","tuyệt","素晴らしい"
"99","tuyết","雪"
"100","vâng","はい"
"100","vàng","黄色、金色"
"101","về","〜について、戻る"
"101","vé","チケット、切符"
"102","vì","〜なので、〜のために"
"102","ví","財布"
"103","vợ","妻"
"103","vở","ノート"
"104","với","〜と、一緒に"
"104","voi","ゾウ"
