spelling,meaning,tags
xin chào,こんにちは,挨拶
tạm biệt,さようなら,挨拶
cảm ơn,ありがとう,挨拶
xin lỗi,すみません,挨拶
vâng,はい,挨拶
không,いいえ,挨拶
chào buổi sáng,おはようございます,挨拶
chào buổi tối,こんばんは,挨拶
chúc mừng,おめでとう,挨拶
chúc ngủ ngon,おやすみなさい,挨拶
hẹn gặp lại,また会いましょう,挨拶
không có gì,どういたしまして,挨拶
làm ơn,お願いします,挨拶
rất vui được gặp bạn,お会いできて嬉しいです,挨拶
chúc may mắn,幸運を祈ります,挨拶
một,1,数字
hai,2,数字
ba,3,数字
bốn,4,数字
năm,5,数字
sáu,6,数字
bảy,7,数字
tám,8,数字
chín,9,数字
mười,10,数字
mười một,11,数字
mười hai,12,数字
mười ba,13,数字
mười lăm,15,数字
hai mươi,20,数字
ba mươi,30,数字
bốn mươi,40,数字
năm mươi,50,数字
sáu mươi,60,数字
bảy mươi,70,数字
tám mươi,80,数字
chín mươi,90,数字
một trăm,100,数字
một nghìn,1000,数字
một triệu,100万,数字
số không,0,数字
tôi,私,代名詞
bạn,あなた,代名詞
anh,あなた（年上男性）,代名詞
chị,あなた（年上女性）,代名詞
em,あなた（年下）,代名詞
ông,あなた（高齢男性）,代名詞
bà,あなた（高齢女性）,代名詞
chúng tôi,私たち,代名詞
họ,彼ら,代名詞
nó,それ・彼・彼女（親しい間柄）,代名詞
gia đình,家族,家族
bố,父,家族
mẹ,母,家族
anh trai,兄,家族
chị gái,姉,家族
em trai,弟,家族
em gái,妹,家族
con,子供,家族
ông nội,父方の祖父,家族
bà nội,父方の祖母,家族
ông ngoại,母方の祖父,家族
bà ngoại,母方の祖母,家族
chồng,夫,家族
vợ,妻,家族
con trai,息子,家族
con gái,娘,家族
cô,叔母（父方）,家族
chú,叔父（父方）,家族
dì,叔母（母方）,家族
cậu,叔父（母方）,家族
cháu,甥・姪・孫,家族
đầu,頭,体
tóc,髪,体
mặt,顔,体
mắt,目,体
mũi,鼻,体
miệng,口,体
tai,耳,体
răng,歯,体
lưỡi,舌,体
cổ,首,体
vai,肩,体
tay,手・腕,体
ngón tay,指,体
ngực,胸,体
bụng,お腹,体
lưng,背中,体
chân,足,体
đầu gối,膝,体
tim,心臓,体
da,皮膚,体
xương,骨,体
máu,血,体
cơm,ご飯,食べ物
phở,フォー,食べ物
bún,ブン（米麺）,食べ物
nước,水,飲み物
trà,お茶,飲み物
cà phê,コーヒー,飲み物
bánh mì,パン,食べ物
thịt,肉,食べ物
thịt gà,鶏肉,食べ物
thịt bò,牛肉,食べ物
thịt lợn,豚肉,食べ物
cá,魚,食べ物
tôm,エビ,食べ物
trứng,卵,食べ物
rau,野菜,食べ物
cà rốt,人参,食べ物
khoai tây,じゃがいも,食べ物
cà chua,トマト,食べ物
hành,玉ねぎ,食べ物
tỏi,にんにく,食べ物
ớt,唐辛子,食べ物
muối,塩,食べ物
đường,砂糖,食べ物
nước mắm,ヌクマム（魚醤）,食べ物
dầu ăn,食用油,食べ物
trái cây,果物,食べ物
chuối,バナナ,食べ物
xoài,マンゴー,食べ物
dưa hấu,スイカ,食べ物
cam,オレンジ,食べ物
táo,りんご,食べ物
nho,ぶどう,食べ物
dứa,パイナップル,食べ物
bia,ビール,飲み物
rượu,酒,飲み物
sữa,牛乳,飲み物
nước cam,オレンジジュース,飲み物
kem,アイスクリーム,食べ物
bánh,菓子・ケーキ,食べ物
kẹo,飴,食べ物
phô mai,チーズ,食べ物
súp,スープ,食べ物
đi,行く,動詞
đến,来る,動詞
về,帰る,動詞
ăn,食べる,動詞
uống,飲む,動詞
ngủ,寝る,動詞
thức dậy,起きる,動詞
học,学ぶ,動詞
dạy,教える,動詞
làm,する・働く,動詞
nói,話す,動詞
nghe,聞く,動詞
xem,見る,動詞
nhìn,見る（視線を向ける）,動詞
mua,買う,動詞
bán,売る,動詞
viết,書く,動詞
đọc,読む,動詞
mở,開ける,動詞
đóng,閉める,動詞
bắt đầu,始める,動詞
kết thúc,終わる,動詞
đứng,立つ,動詞
ngồi,座る,動詞
nằm,横になる,動詞
chạy,走る,動詞
đi bộ,歩く,動詞
lái xe,運転する,動詞
gửi,送る,動詞
nhận,受け取る,動詞
mượn,借りる,動詞
trả,返す・支払う,動詞
giúp,手伝う,動詞
tìm,探す,動詞
thấy,見える・見つける,動詞
biết,知る,動詞
hiểu,理解する,動詞
quên,忘れる,動詞
nhớ,覚えている・恋しい,動詞
cười,笑う,動詞
khóc,泣く,動詞
hát,歌う,動詞
nhảy,踊る・跳ぶ,動詞
chơi,遊ぶ,動詞
nấu,料理する,動詞
rửa,洗う,動詞
dọn dẹp,片付ける,動詞
sửa,直す,動詞
xây,建てる,動詞
trồng,植える,動詞
nuôi,飼う・育てる,動詞
sinh,生まれる,動詞
chết,死ぬ,動詞
sống,生きる・住む,動詞
kết hôn,結婚する,動詞
suy nghĩ,考える,動詞
tin,信じる,動詞
hỏi,尋ねる,動詞
trả lời,答える,動詞
nói chuyện,会話する,動詞
gặp,会う,動詞
gọi,呼ぶ・電話する,動詞
đợi,待つ,動詞
mang,持って行く,動詞
lấy,取る,動詞
cho,与える,動詞
đưa,渡す,動詞
làm việc,働く,動詞
nghỉ,休む,動詞
du lịch,旅行する,動詞
đẹp,美しい,形容詞
xấu,醜い・悪い,形容詞
to,大きい,形容詞
nhỏ,小さい,形容詞
mới,新しい,形容詞
cũ,古い,形容詞
nóng,暑い・熱い,形容詞
lạnh,寒い・冷たい,形容詞
ấm,暖かい,形容詞
mát,涼しい,形容詞
ngon,美味しい,形容詞
dở,まずい,形容詞
vui,楽しい,形容詞
buồn,悲しい,形容詞
cao,高い（背が）,形容詞
thấp,低い,形容詞
dài,長い,形容詞
ngắn,短い,形容詞
rộng,広い,形容詞
hẹp,狭い,形容詞
nặng,重い,形容詞
nhẹ,軽い,形容詞
mạnh,強い,形容詞
yếu,弱い,形容詞
nhanh,速い,形容詞
chậm,遅い,形容詞
sạch,清潔な,形容詞
bẩn,汚い,形容詞
giàu,裕福な,形容詞
nghèo,貧しい,形容詞
thông minh,賢い,形容詞
ngốc,愚かな,形容詞
chăm chỉ,勤勉な,形容詞
lười,怠惰な,形容詞
tốt,良い,形容詞
đúng,正しい,形容詞
sai,間違っている,形容詞
dễ,簡単な,形容詞
khó,難しい,形容詞
rẻ,安い,形容詞
đắt,高い（値段）,形容詞
an toàn,安全な,形容詞
nguy hiểm,危険な,形容詞
già,年老いた,形容詞
trẻ,若い,形容詞
đói,お腹が空いた,形容詞
no,満腹な,形容詞
khát,喉が渇いた,形容詞
mệt,疲れた,形容詞
khỏe,健康な,形容詞
ốm,病気の,形容詞
vắng,人がいない,形容詞
đông,混雑している,形容詞
nhà,家,場所
trường,学校,場所
chợ,市場,場所
bệnh viện,病院,場所
sân bay,空港,場所
nhà ga,駅,場所
công ty,会社,場所
văn phòng,オフィス,場所
nhà hàng,レストラン,場所
khách sạn,ホテル,場所
công viên,公園,場所
thư viện,図書館,場所
bảo tàng,博物館,場所
chùa,寺,場所
nhà thờ,教会,場所
bãi biển,ビーチ,場所
thành phố,都市,場所
nông thôn,田舎,場所
đất nước,国,場所
thủ đô,首都,場所
siêu thị,スーパー,場所
tiệm,店,場所
ngân hàng,銀行,場所
bưu điện,郵便局,場所
sân bóng,グラウンド,場所
rạp chiếu phim,映画館,場所
thứ hai,月曜日,曜日
thứ ba,火曜日,曜日
thứ tư,水曜日,曜日
thứ năm,木曜日,曜日
thứ sáu,金曜日,曜日
thứ bảy,土曜日,曜日
chủ nhật,日曜日,曜日
giờ,時,時間
phút,分,時間
giây,秒,時間
ngày,日,時間
tuần,週,時間
tháng,月,時間
hôm nay,今日,時間
hôm qua,昨日,時間
ngày mai,明日,時間
sáng,朝,時間
trưa,昼,時間
chiều,午後,時間
tối,夜,時間
đêm,深夜,時間
bây giờ,今,時間
lúc nào,いつ,時間
mùa xuân,春,時間
mùa hè,夏,時間
mùa thu,秋,時間
mùa đông,冬,時間
màu đỏ,赤,色
màu vàng,黄色,色
màu xanh lá cây,緑,色
màu xanh dương,青,色
màu trắng,白,色
màu đen,黒,色
màu nâu,茶色,色
màu tím,紫,色
màu hồng,ピンク,色
màu cam,オレンジ色,色
màu xám,灰色,色
con chó,犬,動物
con mèo,猫,動物
con gà,鶏,動物
con vịt,アヒル,動物
con lợn,豚,動物
con bò,牛,動物
con trâu,水牛,動物
con ngựa,馬,動物
con dê,ヤギ,動物
con cừu,羊,動物
con chuột,ネズミ,動物
con thỏ,ウサギ,動物
con khỉ,サル,動物
con voi,象,動物
con hổ,虎,動物
con sư tử,ライオン,動物
con rắn,蛇,動物
con ếch,カエル,動物
con chim,鳥,動物
con ong,蜂,動物
con bướm,蝶,動物
con kiến,アリ,動物
con muỗi,蚊,動物
con nhện,クモ,動物
con cua,カニ,動物
con rùa,カメ,動物
cây,木,自然
hoa,花,自然
lá,葉,自然
cỏ,草,自然
rừng,森,自然
núi,山,自然
sông,川,自然
biển,海,自然
hồ,湖,自然
đảo,島,自然
trời,空,自然
mặt trời,太陽,自然
mặt trăng,月,自然
sao,星,自然
mây,雲,自然
mưa,雨,天気
gió,風,天気
tuyết,雪,天気
nắng,晴れ,天気
bão,台風,天気
sấm,雷鳴,天気
áo,上着,衣類
quần,ズボン,衣類
áo sơ mi,シャツ,衣類
áo khoác,コート,衣類
áo dài,アオザイ,衣類
váy,スカート,衣類
quần áo,服,衣類
giày,靴,衣類
dép,サンダル,衣類
mũ,帽子,衣類
kính,メガネ,衣類
đồng hồ,時計,衣類
túi xách,バッグ,衣類
giáo viên,教師,職業
học sinh,生徒,職業
sinh viên,大学生,職業
bác sĩ,医者,職業
y tá,看護師,職業
kỹ sư,エンジニア,職業
công nhân,労働者,職業
nông dân,農民,職業
cảnh sát,警察官,職業
luật sư,弁護士,職業
ca sĩ,歌手,職業
diễn viên,俳優,職業
đầu bếp,料理人,職業
tài xế,運転手,職業
doanh nhân,実業家,職業
nhân viên,社員,職業
giám đốc,社長・部長,職業
họa sĩ,画家,職業
xe máy,バイク,交通
xe đạp,自転車,交通
xe hơi,車,交通
xe buýt,バス,交通
tàu hỏa,電車,交通
máy bay,飛行機,交通
tàu thủy,船,交通
taxi,タクシー,交通
đường,道路,交通
bàn,机・テーブル,家庭用品
ghế,椅子,家庭用品
giường,ベッド,家庭用品
tủ,棚・タンス,家庭用品
gương,鏡,家庭用品
đèn,電気・ランプ,家庭用品
quạt,扇風機,家庭用品
tủ lạnh,冷蔵庫,家庭用品
nồi,鍋,家庭用品
bát,茶碗,家庭用品
đĩa,皿,家庭用品
đũa,箸,家庭用品
thìa,スプーン,家庭用品
dao,ナイフ,家庭用品
ly,コップ,家庭用品
chăn,毛布,家庭用品
gối,枕,家庭用品
cửa,ドア,家庭用品
cửa sổ,窓,家庭用品
sách,本,学校
vở,ノート,学校
bút,ペン,学校
bút chì,鉛筆,学校
thước,定規,学校
cặp sách,かばん,学校
lớp học,教室,学校
bài tập,宿題,学校
bài kiểm tra,試験,学校
từ điển,辞書,学校
máy tính,コンピューター,技術
bảng,黒板,学校
giận,怒っている,感情
sợ,怖い,感情
lo lắng,心配な,感情
hạnh phúc,幸せな,感情
ngạc nhiên,驚いた,感情
thích,好き,感情
ghét,嫌い,感情
yêu,愛する,感情
hy vọng,希望する,感情
thất vọng,失望した,感情
gì,何,疑問詞
ai,誰,疑問詞
đâu,どこ,疑問詞
khi nào,いつ,疑問詞
tại sao,なぜ,疑問詞
thế nào,どのように,疑問詞
bao nhiêu,いくつ・いくら,疑問詞
cái nào,どれ,疑問詞
và,そして,疑問詞
hoặc,または,疑問詞
nhưng,しかし,疑問詞
vì,なぜなら,疑問詞
nếu,もし,疑問詞
tiền,お金,お金
giá,値段,お金
cửa hàng,店,お金
giảm giá,割引,お金
hóa đơn,領収書,お金
ví,財布,お金
trên,上,方向
dưới,下,方向
trong,中,方向
ngoài,外,方向
trước,前,方向
sau,後ろ,方向
trái,左,方向
phải,右,方向
giữa,間・中央,方向
gần,近い,方向
xa,遠い,方向
bên cạnh,隣,方向
bệnh,病気,健康
đau,痛い,健康
sốt,熱,健康
ho,咳,健康
thuốc,薬,健康
bóng đá,サッカー,趣味
bóng rổ,バスケットボール,趣味
bơi,泳ぐ,趣味
âm nhạc,音楽,趣味
phim,映画,趣味
vẽ,絵を描く,趣味
điện thoại,電話,技術
internet,インターネット,技術
email,メール,技術
tin nhắn,メッセージ,技術
mạng,ネットワーク,技術
pin,電池,技術
sạc,充電する,技術
luôn luôn,いつも,副詞
thường,普段,副詞
đôi khi,時々,副詞
hiếm khi,めったに,副詞
ngay,すぐに,副詞
sớm,早く,副詞
muộn,遅く,副詞
rất,とても,副詞
quá,すぎる,副詞
cũng,も,副詞
chỉ,だけ,副詞
