"spelling","meaning","tags","例文・メモ"
"xin chào","こんにちは","挨拶",""
"tạm biệt","さようなら","挨拶",""
"cảm ơn","ありがとう","挨拶",""
"xin lỗi","すみません","挨拶",""
"vâng","はい","挨拶",""
"không","いいえ","挨拶",""
"chào buổi sáng","おはようございます","挨拶",""
"chào buổi tối","こんばんは","挨拶",""
"một","1","数字",""
"hai","2","数字",""
"ba","3","数字",""
"bốn","4","数字",""
"năm","5","数字",""
"sáu","6","数字",""
"bảy","7","数字",""
"tám","8","数字",""
"chín","9","数字",""
"mười","10","数字",""
"tôi","私","代名詞",""
"bạn","あなた","代名詞",""
"anh","あなた（年上男性）","代名詞",""
"chị","あなた（年上女性）","代名詞",""
"em","あなた（年下）","代名詞",""
"gia đình","家族","家族",""
"bố","父","家族",""
"mẹ","母","家族",""
"anh trai","兄","家族",""
"chị gái","姉","家族",""
"em trai","弟","家族",""
"em gái","妹","家族",""
"con","子供","家族",""
"cơm","ご飯","食べ物",""
"phở","フォー","食べ物",""
"nước","水","食べ物",""
"trà","お茶","食べ物",""
"cà phê","コーヒー","食べ物",""
"bánh mì","パン","食べ物",""
"thịt","肉","食べ物",""
"cá","魚","食べ物",""
"rau","野菜","食べ物",""
"trái cây","果物","食べ物",""
"đi","行く","動詞",""
"đến","来る","動詞",""
"ăn","食べる","動詞",""
"uống","飲む","動詞",""
"ngủ","寝る","動詞",""
"học","学ぶ","動詞",""
"làm","する・働く","動詞",""
"nói","話す","動詞",""
"nghe","聞く","動詞",""
"xem","見る","動詞",""
"mua","買う","動詞",""
"đẹp","美しい","形容詞",""
"to","大きい","形容詞",""
"nhỏ","小さい","形容詞",""
"mới","新しい","形容詞",""
"cũ","古い","形容詞",""
"nóng","暑い・熱い","形容詞",""
"lạnh","寒い・冷たい","形容詞",""
"ngon","美味しい","形容詞",""
"vui","楽しい","形容詞",""
"buồn","悲しい","形容詞",""
"nhà","家","場所",""
"trường","学校","場所",""
"chợ","市場","場所",""
"bệnh viện","病院","場所",""
"sân bay","空港","場所",""
"thứ hai","月曜日","時間",""
"thứ ba","火曜日","時間",""
"thứ tư","水曜日","時間",""
"thứ năm","木曜日","時間",""
"thứ sáu","金曜日","時間",""
"thứ bảy","土曜日","時間",""
"chủ nhật","日曜日","時間",""
"mình","私、自分","代名詞",""
"ông","祖父、お年寄りの男性","家族,人",""
"bà","祖母、お年寄りの女性","家族,人",""
"cô","年上の女性、先生","家族,人",""
"chú","叔父、年下の年長男性","家族,人",""
"bác","叔父・伯父、年長者","家族,人",""
"cháu","甥・姪、孫、年下の親族","家族,人",""
"họ","彼ら","代名詞",""
"chúng ta","私たち（聞き手を含む）","代名詞",""
"chúng tôi","私たち（聞き手を含まない）","代名詞",""
"người","人","人",""
"mọi người","みんな","人",""
"ai","誰","疑問詞",""
"gì","何","疑問詞",""
"nào","どの、どんな","疑問詞",""
"đâu","どこ","疑問詞",""
"ở đâu","どこに、どこで","疑問詞",""
"khi nào","いつ","疑問詞",""
"tại sao","なぜ","疑問詞",""
"thế nào","どう、どのように","疑問詞",""
"bao nhiêu","いくつ、いくら","疑問詞",""
"bao lâu","どのくらいの期間","疑問詞",""
"bao giờ","いつ","疑問詞",""
"đây","ここ、こちら","指示詞",""
"đó","それ、あそこ","指示詞",""
"kia","あれ、あちら","指示詞",""
"này","この、これ","指示詞",""
"ấy","その、あの","指示詞",""
"đằng kia","あちら","指示詞",""
"chào","こんにちは、やあ","挨拶,会話",""
"không có gì","どういたしまして","挨拶,会話",""
"không sao","大丈夫、問題ない","挨拶,会話",""
"dạ","はい（丁寧な返答）","挨拶,会話",""
"ừ","うん、はい","挨拶,会話",""
"được","いい、できる、許可される","挨拶,会話",""
"đúng","正しい、その通り","挨拶,会話",""
"sai","間違っている","挨拶,会話",""
"ạ","丁寧さを表す文末詞","挨拶,会話",""
"nhé","〜ね、〜しようね","挨拶,会話",""
"nhỉ","〜だよね","挨拶,会話",""
"à","あ、〜なの？","挨拶,会話",""
"ơi","呼びかけの語","挨拶,会話",""
"thôi","〜だけ、もう〜しない","挨拶,会話",""
"chúc","祝う","挨拶,会話",""
"mừng","喜ぶ、祝う","挨拶,会話",""
"mười một","11","数字,順序",""
"mười hai","12","数字,順序",""
"mười ba","13","数字,順序",""
"mười bốn","14","数字,順序",""
"mười lăm","15","数字,順序",""
"mười sáu","16","数字,順序",""
"mười bảy","17","数字,順序",""
"mười tám","18","数字,順序",""
"mười chín","19","数字,順序",""
"hai mươi","20","数字,順序",""
"ba mươi","30","数字,順序",""
"bốn mươi","40","数字,順序",""
"năm mươi","50","数字,順序",""
"sáu mươi","60","数字,順序",""
"bảy mươi","70","数字,順序",""
"tám mươi","80","数字,順序",""
"chín mươi","90","数字,順序",""
"một trăm","100","数字,順序",""
"một nghìn","1000","数字,順序",""
"một triệu","100万","数字,順序",""
"thứ nhất","第1、最初","数字,順序",""
"lần","回、度","数字,順序",""
"hôm nay","今日","時間",""
"hôm qua","昨日","時間",""
"ngày mai","明日","時間",""
"hôm kia","一昨日","時間",""
"ngày kia","明後日","時間",""
"tuần","週","時間",""
"tuần này","今週","時間",""
"tuần sau","来週","時間",""
"tuần trước","先週","時間",""
"tháng","月、〜か月","時間",""
"tháng này","今月","時間",""
"tháng sau","来月","時間",""
"tháng trước","先月","時間",""
"năm nay","今年","時間",""
"năm ngoái","去年","時間",""
"năm sau","来年","時間",""
"năm trước","前年、去年","時間",""
"sáng","朝、明るい","時間",""
"buổi sáng","朝","時間",""
"trưa","昼、正午","時間",""
"buổi trưa","昼","時間",""
"chiều","午後、夕方","時間",""
"buổi chiều","午後","時間",""
"tối","夜、夕方","時間",""
"buổi tối","夜","時間",""
"đêm","夜中","時間",""
"nửa đêm","真夜中","時間",""
"giờ","時間、時刻","時間",""
"phút","分","時間",""
"giây","秒","時間",""
"sớm","早い、早く","時間",""
"muộn","遅い、遅く","時間",""
"bây giờ","今","時間",""
"ngay","すぐに","時間",""
"lúc","〜の時","時間",""
"thời gian","時間","時間",""
"lịch","カレンダー、暦","時間",""
"cuối tuần","週末","時間",""
"ngày","日","時間",""
"ngày thường","平日","時間",""
"ngày nghỉ","休日","時間",""
"và","そして、〜と","文法",""
"hoặc","または","文法",""
"nhưng","しかし","文法",""
"vì","〜なので、〜のために","文法",""
"nên","だから、〜すべき","文法",""
"nếu","もし","文法",""
"thì","〜なら、〜は","文法",""
"mà","〜であるところの、しかし","文法",""
"của","〜の","文法",""
"cho","〜に、〜のために","文法",""
"với","〜と、一緒に","文法",""
"từ","〜から、言葉","文法",""
"ở","〜に、〜で","文法",""
"trong","〜の中で","文法",""
"trên","〜の上で","文法",""
"dưới","〜の下で","文法",""
"ngoài","外に、〜以外","文法",""
"giữa","〜の間に","文法",""
"sau","後、〜の後","文法",""
"trước","前、〜の前","文法",""
"về","〜について、戻る","文法",""
"qua","通る、〜を越えて","文法",""
"theo","〜に従って、一緒に","文法",""
"bằng","〜で、〜によって","文法",""
"để","〜するために、置く","文法",""
"tại","〜で、〜に","文法",""
"bởi vì","なぜなら","文法",""
"do","〜によって、〜のために","文法",""
"vì thế","だから、そのため","文法",""
"sau đó","その後","文法",""
"trước khi","〜する前に","文法",""
"sau khi","〜した後に","文法",""
"cho đến","〜まで","文法",""
"từ khi","〜以来","文法",""
"giống","似ている、同じ","文法",""
"như","〜のように","文法",""
"cũng","〜も、また","文法",""
"rất","とても","文法",""
"quá","あまりに、〜すぎる","文法",""
"thật","本当に","文法",""
"có","ある、持っている","副詞,文法",""
"là","〜である","副詞,文法",""
"đã","すでに、過去を表す","副詞,文法",""
"đang","〜している、進行中","副詞,文法",""
"sẽ","〜するだろう、未来","副詞,文法",""
"vừa","ちょうど〜した、〜したばかり","副詞,文法",""
"chưa","まだ〜していない","副詞,文法",""
"từng","かつて〜したことがある","副詞,文法",""
"bị","〜されてしまう、悪い状態になる","副詞,文法",""
"phải","〜しなければならない","副詞,文法",""
"cần","必要がある","副詞,文法",""
"muốn","欲しい、〜したい","副詞,文法",""
"có thể","〜できる、可能性がある","副詞,文法",""
"hãy","〜しよう、〜してください","副詞,文法",""
"đừng","〜しないで","副詞,文法",""
"cứ","そのまま〜する、どうぞ〜","副詞,文法",""
"lại","また、再び","副詞,文法",""
"vẫn","まだ、依然として","副詞,文法",""
"luôn","いつも","副詞,文法",""
"luôn luôn","いつも","副詞,文法",""
"thường","普段、普通は","副詞,文法",""
"thường xuyên","頻繁に","副詞,文法",""
"thỉnh thoảng","時々","副詞,文法",""
"đôi khi","たまに","副詞,文法",""
"hiếm khi","めったに〜ない","副詞,文法",""
"không bao giờ","決して〜ない","副詞,文法",""
"chỉ","ただ、〜だけ","副詞,文法",""
"hơn","〜より、もっと","副詞,文法",""
"nhất","最も、いちばん","副詞,文法",""
"ít","少ない","副詞,文法",""
"nhiều","多い、たくさん","副詞,文法",""
"một ít","少し","副詞,文法",""
"một số","いくつか","副詞,文法",""
"tất cả","すべて","副詞,文法",""
"mọi","すべての、毎〜","副詞,文法",""
"khác","違う、他の","副詞,文法",""
"cùng","一緒に、同じ","副詞,文法",""
"đều","みな、すべて","副詞,文法",""
"cả","全部、〜さえ","副詞,文法",""
"đủ","十分な","副詞,文法",""
"thức dậy","起きる","動詞",""
"chạy","走る","動詞",""
"đi bộ","歩く","動詞",""
"ngồi","座る","動詞",""
"đứng","立つ","動詞",""
"nằm","横になる","動詞",""
"bơi","泳ぐ","動詞",""
"nhảy","跳ぶ、踊る","動詞",""
"chơi","遊ぶ","動詞",""
"dạy","教える","動詞",""
"đọc","読む","動詞",""
"viết","書く","動詞",""
"nhìn","見る、眺める","動詞",""
"thấy","見える、感じる","動詞",""
"biết","知っている","動詞",""
"hiểu","理解する","動詞",""
"nghĩ","考える、思う","動詞",""
"nhớ","覚えている、思い出す","動詞",""
"quên","忘れる","動詞",""
"hỏi","尋ねる","動詞",""
"trả lời","答える","動詞",""
"gọi","呼ぶ、電話する","動詞",""
"gặp","会う","動詞",""
"giúp","助ける","動詞",""
"đưa","渡す、連れて行く","動詞",""
"mang","持っていく、持ってくる","動詞",""
"lấy","取る、受け取る","動詞",""
"đặt","置く、注文する","動詞",""
"bán","売る","買い物,お金",""
"mua sắm","買い物する","買い物,お金",""
"trả","返す、支払う","買い物,お金",""
"tiết kiệm","節約する、貯金する","買い物,お金",""
"đổi","交換する、変える","買い物,お金",""
"đổi tiền","両替する","買い物,お金",""
"giá","価格","買い物,お金",""
"rẻ","安い","買い物,お金",""
"đắt","高い","買い物,お金",""
"giảm giá","値引き、割引","買い物,お金",""
"khuyến mại","セール、販売促進","買い物,お金",""
"hàng","商品、品物","買い物,お金",""
"hàng hóa","商品、物品","買い物,お金",""
"sản phẩm","製品","買い物,お金",""
"khách","客","買い物,お金",""
"khách hàng","顧客","買い物,お金",""
"cửa hàng","店","買い物,お金",""
"siêu thị","スーパー","買い物,お金",""
"quán","店、飲食店","買い物,お金",""
"nhà hàng","レストラン","買い物,お金",""
"hóa đơn","請求書、伝票","買い物,お金",""
"tiền","お金","買い物,お金",""
"đồng","ドン、ベトナム通貨","買い物,お金",""
"thẻ","カード","買い物,お金",""
"ví","財布","買い物,お金",""
"túi","袋、バッグ","買い物,お金",""
"bao nhiêu tiền","いくらですか","買い物,お金",""
"rẻ hơn","もっと安い","買い物,お金",""
"đắt hơn","もっと高い","買い物,お金",""
"thử","試す","買い物,お金",""
"chọn","選ぶ","買い物,お金",""
"thiếu","足りない","買い物,お金",""
"mặt hàng","商品","買い物,お金",""
"bảo hành","保証","買い物,お金",""
"đổi trả","返品・交換","買い物,お金",""
"mặc cả","値段交渉する","買い物,お金",""
"bún","米麺","食べ物,飲み物",""
"mì","麺","食べ物,飲み物",""
"cháo","おかゆ","食べ物,飲み物",""
"cơm tối","夕食","食べ物,飲み物",""
"bữa ăn","食事","食べ物,飲み物",""
"bữa sáng","朝食","食べ物,飲み物",""
"bữa trưa","昼食","食べ物,飲み物",""
"bữa tối","夕食","食べ物,飲み物",""
"thức ăn","食べ物","食べ物,飲み物",""
"món ăn","料理、料理の品","食べ物,飲み物",""
"thịt bò","牛肉","食べ物,飲み物",""
"thịt lợn","豚肉","食べ物,飲み物",""
"thịt gà","鶏肉","食べ物,飲み物",""
"tôm","エビ","食べ物,飲み物",""
"mực","イカ","食べ物,飲み物",""
"trứng","卵","食べ物,飲み物",""
"đậu phụ","豆腐","食べ物,飲み物",""
"rau mùi","パクチー","食べ物,飲み物",""
"cà chua","トマト","食べ物,飲み物",""
"cà rốt","にんじん","食べ物,飲み物",""
"khoai tây","じゃがいも","食べ物,飲み物",""
"chuối","バナナ","食べ物,飲み物",""
"xoài","マンゴー","食べ物,飲み物",""
"dưa hấu","スイカ","食べ物,飲み物",""
"táo","りんご","食べ物,飲み物",""
"nho","ぶどう","食べ物,飲み物",""
"chanh","レモン","食べ物,飲み物",""
"cam","オレンジ","食べ物,飲み物",""
"dứa","パイナップル","食べ物,飲み物",""
"sầu riêng","ドリアン","食べ物,飲み物",""
"sữa","牛乳、ミルク","食べ物,飲み物",""
"ngọt","甘い","食べ物",""
"mặn","塩辛い","食べ物",""
"chua","酸っぱい","食べ物",""
"đắng","苦い","食べ物",""
"cay","辛い","食べ物",""
"ấm","暖かい","食べ物",""
"tươi","新鮮な","食べ物",""
"sạch","きれい、清潔な","食べ物",""
"bẩn","汚い","食べ物",""
"đói","お腹が空いた","食べ物",""
"no","お腹いっぱい","食べ物",""
"khát","喉が渇いた","食べ物",""
"hơi","少し、やや","食べ物",""
"thơm","香りがよい、いい匂い","食べ物",""
"mùi","匂い、におい","食べ物",""
"nước chấm","つけだれ、ソース","食べ物",""
"bát","茶碗、ボウル","食べ物",""
"đũa","箸","食べ物",""
"thìa","スプーン","食べ物",""
"dao","包丁、ナイフ","食べ物",""
"cốc","コップ","食べ物",""
"chai","瓶","食べ物",""
"ly","グラス、カップ","食べ物",""
"đĩa","皿","食べ物",""
"nồi","鍋","食べ物",""
"chảo","フライパン","食べ物",""
"bếp","コンロ、台所","食べ物",""
"tủ lạnh","冷蔵庫","食べ物",""
"nhà bếp","台所","食べ物",""
"ăn sáng","朝食を食べる","食べ物",""
"ăn trưa","昼食を食べる","食べ物",""
"ăn tối","夕食を食べる","食べ物",""
"uống nước","水を飲む","食べ物",""
"uống cà phê","コーヒーを飲む","食べ物",""
"đặt món","料理を注文する","食べ物",""
"thanh toán","支払う、会計する","食べ物",""
"phòng","部屋","家,生活用品",""
"phòng khách","居間、客室","家,生活用品",""
"phòng ngủ","寝室","家,生活用品",""
"phòng bếp","台所、キッチン","家,生活用品",""
"nhà vệ sinh","トイレ","家,生活用品",""
"cửa","ドア","家,生活用品",""
"cửa sổ","窓","家,生活用品",""
"tường","壁","家,生活用品",""
"sàn","床","家,生活用品",""
"trần nhà","天井","家,生活用品",""
"bàn","机、テーブル","家,生活用品",""
"ghế","椅子","家,生活用品",""
"giường","ベッド","家,生活用品",""
"tủ","戸棚、タンス","家,生活用品",""
"gương","鏡","家,生活用品",""
"đèn","照明、ランプ","家,生活用品",""
"điện","電気","家,生活用品",""
"điều hòa","エアコン","家,生活用品",""
"quạt","扇風機","家,生活用品",""
"tivi","テレビ","家,生活用品",""
"máy tính","コンピューター","家,生活用品",""
"điện thoại","電話、携帯電話","家,生活用品",""
"sạc","充電する、充電器","家,生活用品",""
"pin","電池、バッテリー","家,生活用品",""
"khóa","鍵、ロック","家,生活用品",""
"chìa khóa","鍵","家,生活用品",""
"thang máy","エレベーター","家,生活用品",""
"cầu thang","階段","家,生活用品",""
"vườn","庭","家,生活用品",""
"cây","木、植物","家,生活用品",""
"hoa","花","家,生活用品",""
"lá","葉","家,生活用品",""
"rác","ごみ","家,生活用品",""
"sọt rác","ごみ箱","家,生活用品",""
"sạch sẽ","清潔な","家,生活用品",""
"bừa bộn","散らかっている","家,生活用品",""
"dọn","片付ける","家,生活用品",""
"rửa","洗う","家,生活用品",""
"lau","拭く","家,生活用品",""
"áo","服、シャツ","服,形容詞",""
"áo dài","アオザイ","服,形容詞",""
"áo khoác","上着、コート","服,形容詞",""
"áo mưa","レインコート","服,形容詞",""
"áo sơ mi","ワイシャツ","服,形容詞",""
"quần","ズボン","服,形容詞",""
"quần bò","ジーンズ","服,形容詞",""
"váy","スカート","服,形容詞",""
"giày","靴","服,形容詞",""
"dép","サンダル","服,形容詞",""
"mũ","帽子","服,形容詞",""
"mũ bảo hiểm","ヘルメット","服,形容詞",""
"tất","靴下","服,形容詞",""
"thắt lưng","ベルト","服,形容詞",""
"kính","眼鏡、ガラス","服,形容詞",""
"kính râm","サングラス","服,形容詞",""
"đeo","身につける、着用する","服,形容詞",""
"mặc","着る","服,形容詞",""
"cởi","脱ぐ","服,形容詞",""
"xinh","かわいい、きれい","服,形容詞",""
"xấu","醜い、悪い","服,形容詞",""
"rộng","広い、ゆったりした","服,形容詞",""
"chật","狭い、きつい","服,形容詞",""
"dài","長い","服,形容詞",""
"ngắn","短い","服,形容詞",""
"dày","厚い","服,形容詞",""
"mỏng","薄い","服,形容詞",""
"nặng","重い","服,形容詞",""
"nhẹ","軽い","服,形容詞",""
"cao","高い、背が高い","服,形容詞",""
"thấp","低い、背が低い","服,形容詞",""
"đỏ","赤い","服,形容詞",""
"đen","黒い","服,形容詞",""
"trắng","白い","服,形容詞",""
"bố mẹ","両親","家族,人",""
"chồng","夫","家族,人",""
"vợ","妻","家族,人",""
"bạn trai","彼氏","家族,人",""
"bạn gái","彼女","家族,人",""
"con trai","息子","家族,人",""
"con gái","娘","家族,人",""
"con cả","長子","家族,人",""
"con út","末っ子","家族,人",""
"họ hàng","親戚","家族,人",""
"bạn thân","親友","家族,人",""
"hàng xóm","近所の人","家族,人",""
"người lớn","大人","家族,人",""
"trẻ em","子ども","家族,人",""
"trẻ con","子ども","家族,人",""
"đứa trẻ","子ども一人","家族,人",""
"người đàn ông","男性","家族,人",""
"phụ nữ","女性","家族,人",""
"nam","男性、南","家族,人",""
"nữ","女性","家族,人",""
"người già","高齢者","家族,人",""
"thanh niên","若者","家族,人",""
"nhân viên","従業員","家族,人",""
"giáo viên","教師","家族,人",""
"bác sĩ","医師","家族,人",""
"y tá","看護師","家族,人",""
"sinh viên","大学生","家族,人",""
"học sinh","学生、生徒","家族,人",""
"đầu","頭","身体,健康",""
"mặt","顔","身体,健康",""
"mắt","目","身体,健康",""
"tai","耳","身体,健康",""
"mũi","鼻","身体,健康",""
"miệng","口","身体,健康",""
"răng","歯","身体,健康",""
"lưỡi","舌","身体,健康",""
"cổ","首","身体,健康",""
"vai","肩","身体,健康",""
"cánh tay","腕","身体,健康",""
"bàn tay","手","身体,健康",""
"ngón tay","指","身体,健康",""
"ngón cái","親指","身体,健康",""
"ngón trỏ","人差し指","身体,健康",""
"ngón giữa","中指","身体,健康",""
"ngón áp út","薬指","身体,健康",""
"ngón út","小指","身体,健康",""
"ngực","胸","身体,健康",""
"bụng","お腹","身体,健康",""
"lưng","背中","身体,健康",""
"eo","腰","身体,健康",""
"chân","脚、足","身体,健康",""
"đùi","太もも","身体,健康",""
"đầu gối","膝","身体,健康",""
"bàn chân","足の裏、足","身体,健康",""
"ngón chân","足の指","身体,健康",""
"da","皮膚","身体,健康",""
"tóc","髪","身体,健康",""
"máu","血","身体,健康",""
"tim","心臓、心","身体,健康",""
"gan","肝臓","身体,健康",""
"phổi","肺","身体,健康",""
"dạ dày","胃","身体,健康",""
"họng","喉","身体,健康",""
"cơ thể","身体","身体,健康",""
"đau","痛い、痛む","身体,健康",""
"nhức","ズキズキ痛む","身体,健康",""
"ngứa","かゆい","身体,健康",""
"sưng","腫れる","身体,健康",""
"bệnh","病気、疾患","健康",""
"ốm","病気の、具合が悪い","健康",""
"khỏe","元気、健康だ","健康",""
"khỏe mạnh","健康な、丈夫な","健康",""
"sức khỏe","健康","健康",""
"đau đầu","頭痛","健康",""
"đau bụng","腹痛","健康",""
"đau răng","歯が痛い","健康",""
"sốt","熱、発熱","健康",""
"ho","咳をする、咳","健康",""
"sổ mũi","鼻水","健康",""
"cảm cúm","風邪、インフルエンザ","健康",""
"viêm","炎症","健康",""
"thuốc","薬","健康",""
"đơn thuốc","処方箋","健康",""
"khám bệnh","診察を受ける、診察する","健康",""
"nhà thuốc","薬局","健康",""
"uống thuốc","薬を飲む","健康",""
"đi khám","診察を受けに行く","健康",""
"nghỉ ngơi","休む","健康",""
"ngủ đủ","十分に寝る","健康",""
"mệt","疲れている","健康",""
"mệt mỏi","疲れ切っている","健康",""
"khó chịu","不快、具合が悪い","健康",""
"nguy hiểm","危険","健康",""
"cẩn thận","気をつける","健康",""
"an toàn","安全","健康",""
"cấp cứu","救急","健康",""
"xe cấp cứu","救急車","健康",""
"chấn thương","けが、外傷","健康",""
"vết thương","傷","健康",""
"đỡ","楽になる、支える","健康",""
"khỏi","治って、〜を離れて","健康",""
"khẩn cấp","緊急","健康",""
"đau đớn","苦痛","健康",""
"điều trị","治療する","健康",""
"sức khỏe tốt","健康状態がよい","健康",""
"xe","車、乗り物","交通,旅行",""
"xe máy","バイク","交通,旅行",""
"xe đạp","自転車","交通,旅行",""
"xe buýt","バス","交通,旅行",""
"xe tải","トラック","交通,旅行",""
"xe ôm","バイクタクシー","交通,旅行",""
"tàu","列車、船","交通,旅行",""
"tàu hỏa","電車、列車","交通,旅行",""
"tàu thủy","船","交通,旅行",""
"máy bay","飛行機","交通,旅行",""
"chuyến bay","フライト","交通,旅行",""
"ga","駅","交通,旅行",""
"bến xe","バスターミナル、バス停","交通,旅行",""
"taxi","タクシー","交通,旅行",""
"tắc xi","タクシー","交通,旅行",""
"đường","道、道路","交通,旅行",""
"đường phố","通り","交通,旅行",""
"phố","街、通り","交通,旅行",""
"ngã ba","三叉路、T字路","交通,旅行",""
"ngã tư","交差点","交通,旅行",""
"đi thẳng","まっすぐ進む","交通,旅行",""
"rẽ phải","右に曲がる","交通,旅行",""
"rẽ trái","左に曲がる","交通,旅行",""
"đi qua","通り過ぎる、通過する","交通,旅行",""
"quay lại","戻る","交通,旅行",""
"quay đầu","Uターンする","交通,旅行",""
"đến nơi","到着する","交通,旅行",""
"khởi hành","出発する","交通,旅行",""
"xuất phát","出発する","交通,旅行",""
"hạ cánh","着陸する","交通,旅行",""
"cất cánh","離陸する","交通,旅行",""
"vé","チケット、切符","交通,旅行",""
"vé máy bay","航空券","交通,旅行",""
"hộ chiếu","パスポート","交通,旅行",""
"hành lý","荷物","交通,旅行",""
"vali","スーツケース","交通,旅行",""
"bản đồ","地図","交通,旅行",""
"địa chỉ","住所","交通,旅行",""
"vị trí","位置","交通,旅行",""
"trường học","学校","学習",""
"đại học","大学","学習",""
"tiểu học","小学校","学習",""
"lớp học","教室、クラス","学習",""
"giáo trình","教科書","学習",""
"sách","本","学習",""
"vở","ノート","学習",""
"bút","ペン","学習",""
"bút chì","鉛筆","学習",""
"cục tẩy","消しゴム","学習",""
"bảng","黒板、表","学習",""
"bảng trắng","ホワイトボード","学習",""
"bài","課、問題、 bài","学習",""
"bài tập","宿題、練習問題","学習",""
"thi","試験を受ける","学習",""
"kỳ thi","試験","学習",""
"câu hỏi","質問","学習",""
"câu trả lời","答え","学習",""
"từ vựng","語彙","学習",""
"ngữ pháp","文法","学習",""
"phát âm","発音","学習",""
"tiếng Việt","ベトナム語","学習",""
"tiếng Nhật","日本語","学習",""
"tiếng Anh","英語","学習",""
"học kỳ","学期","学習",""
"ôn tập","復習","学習",""
"tự học","自習","学習",""
"thực hành","練習、実践","学習",""
"nghiên cứu","研究する","学習",""
"giải thích","説明する","学習",""
"nói chuyện","話す、会話する","学習",""
"giới thiệu","紹介する","学習",""
"công ty","会社","仕事",""
"công việc","仕事","仕事",""
"việc làm","仕事、雇用","仕事",""
"văn phòng","オフィス","仕事",""
"giám đốc","社長、ディレクター","仕事",""
"sếp","上司、ボス","仕事",""
"đồng nghiệp","同僚","仕事",""
"cuộc họp","会議","仕事",""
"họp","会議をする","仕事",""
"hợp đồng","契約","仕事",""
"kế hoạch","計画","仕事",""
"dự án","プロジェクト","仕事",""
"báo cáo","報告、レポート","仕事",""
"tài liệu","資料、文書","仕事",""
"thông tin","情報","仕事",""
"email","メール","仕事",""
"ngày làm việc","勤務日","仕事",""
"giờ làm việc","勤務時間","仕事",""
"bận","忙しい","仕事",""
"rảnh","暇な、空いている","仕事",""
"nghỉ","休む、休暇","仕事",""
"nghỉ phép","休暇","仕事",""
"đi công tác","出張する","仕事",""
"làm việc","働く","仕事",""
"bắt đầu","始める","仕事",""
"kết thúc","終わる","仕事",""
"hoàn thành","完了する","仕事",""
"chuẩn bị","準備する","仕事",""
"kiểm tra","確認する","仕事",""
"sửa","修理する、直す","仕事",""
"thay đổi","変える、変化する","仕事",""
"giúp đỡ","助ける","仕事",""
"cần thiết","必要な","仕事",""
"quan trọng","重要な","仕事",""
"có kinh nghiệm","経験がある","仕事",""
"kinh nghiệm","経験","仕事",""
"tốt","良い","形容詞,感情",""
"xinh đẹp","美しい、きれい","形容詞,感情",""
"tuyệt","素晴らしい","形容詞,感情",""
"tuyệt vời","素晴らしい","形容詞,感情",""
"hay","よい、上手、よく","形容詞,感情",""
"giỏi","上手な、得意な","形容詞,感情",""
"thông minh","賢い","形容詞,感情",""
"chăm chỉ","勤勉な","形容詞,感情",""
"lười","怠けた、怠惰な","形容詞,感情",""
"tốt bụng","親切な","形容詞,感情",""
"thân thiện","親しみやすい","形容詞,感情",""
"dễ thương","かわいい","形容詞,感情",""
"vui vẻ","楽しい、明るい","形容詞,感情",""
"giận","怒る","形容詞,感情",""
"cáu giận","怒っている","形容詞,感情",""
"sợ","怖がる","形容詞,感情",""
"lo lắng","心配する","形容詞,感情",""
"hy vọng","希望する","形容詞,感情",""
"yêu","愛する、好きだ","形容詞,感情",""
"ghét","嫌う","形容詞,感情",""
"thích","好きだ、気に入る","形容詞,感情",""
"mê","夢中になる","形容詞,感情",""
"khó","難しい","形容詞,感情",""
"dễ","簡単な","形容詞,感情",""
"đơn giản","簡単な、単純な","形容詞,感情",""
"phức tạp","複雑な","形容詞,感情",""
"nhanh","速い","形容詞,感情",""
"chậm","遅い","形容詞,感情",""
"xa","遠い","形容詞,感情",""
"gần","近い","形容詞,感情",""
"hẹp","狭い","形容詞,感情",""
"màu","色","自然,天気",""
"vàng","黄色、金色","自然,天気",""
"xanh","青、緑","自然,天気",""
"xanh lá","緑","自然,天気",""
"xanh nước biển","青、水色","自然,天気",""
"tím","紫","自然,天気",""
"hồng","ピンク","自然,天気",""
"nâu","茶色","自然,天気",""
"xám","灰色","自然,天気",""
"ánh sáng","光","自然,天気",""
"mặt trời","太陽","自然,天気",""
"mặt trăng","月","自然,天気",""
"bầu trời","空","自然,天気",""
"mây","雲","自然,天気",""
"mưa","雨、雨が降る","自然,天気",""
"tuyết","雪","自然,天気",""
"gió","風","自然,天気",""
"bão","嵐、台風","自然,天気",""
"sấm","雷","自然,天気",""
"sấm sét","雷鳴","自然,天気",""
"thời tiết","天気","自然,天気",""
"khí hậu","気候","自然,天気",""
"ấm áp","暖かい","自然,天気",""
"mát","涼しい","自然,天気",""
"khô","乾いた","自然,天気",""
"ướt","濡れた","自然,天気",""
"ẩm","湿っている","自然,天気",""
"độ ẩm","湿度","自然,天気",""
"nhiệt độ","温度","自然,天気",""
"biển","海","自然,天気",""
"sông","川","自然,天気",""
"núi","山","自然,天気",""
"động vật","動物","自然,生き物",""
"chó","犬","自然,生き物",""
"mèo","猫","自然,生き物",""
"chim","鳥","自然,生き物",""
"gà","鶏","自然,生き物",""
"vịt","アヒル","自然,生き物",""
"bò","牛","自然,生き物",""
"lợn","豚","自然,生き物",""
"heo","豚（南部）","自然,生き物",""
"ngựa","馬","自然,生き物",""
"cua","カニ","自然,生き物",""
"gấu","熊","自然,生き物",""
"thỏ","ウサギ","自然,生き物",""
"hổ","トラ","自然,生き物",""
"rắn","ヘビ","自然,生き物",""
"khỉ","サル","自然,生き物",""
"voi","ゾウ","自然,生き物",""
"côn trùng","昆虫","自然,生き物",""
"cây cối","草木、植物","自然,生き物",""
"hoa hồng","バラ","自然,生き物",""
"hoa ly","ユリ","自然,生き物",""
"rừng","森","自然,生き物",""
"cánh đồng","田畑","自然,生き物",""
"đất","土、土地","自然,生き物",""
"đá","石","自然,生き物",""
"cát","砂","自然,生き物",""
"hồ","湖","自然,生き物",""
"đảo","島","自然,生き物",""
"bờ biển","海岸","自然,生き物",""
"đại dương","大洋","自然,生き物",""
"thiên nhiên","自然","自然,生き物",""
"môi trường","環境","自然,生き物",""
"thế giới","世界","自然,生き物",""
"thành phố","都市、市","場所",""
"thị trấn","町","場所",""
"làng","村","場所",""
"quận","区、郡","場所",""
"khu vực","地域、区域","場所",""
"địa điểm","場所、地点","場所",""
"nơi","場所","場所",""
"chỗ","場所","場所",""
"bên","側","場所",""
"phía","側、方向","場所",""
"bên phải","右側","場所",""
"bên trái","左側","場所",""
"phía trước","前方","場所",""
"phía sau","後ろ","場所",""
"bên trong","内側","場所",""
"bên ngoài","外側","場所",""
"đối diện","向かい側","場所",""
"xung quanh","周囲","場所",""
"cổng","門、入口","場所",""
"khách sạn","ホテル","場所",""
"bưu điện","郵便局","場所",""
"ngân hàng","銀行","場所",""
"công viên","公園","場所",""
"bảo tàng","博物館","場所",""
"rạp chiếu phim","映画館","場所",""
"thư viện","図書館","場所",""
"nhà thờ","教会","場所",""
"nhà ga","駅","場所",""
"quán cà phê","カフェ","場所",""
"phố cổ","旧市街","場所",""
"tạo","作る、創造する","動詞",""
"tạo thành","作り上げる","動詞",""
"xây dựng","建設する","動詞",""
"mở","開ける、開く","動詞",""
"đóng","閉める、閉じる","動詞",""
"đóng cửa","店を閉める、閉店する","動詞",""
"dừng","止まる","動詞",""
"dừng lại","止まる、停止する","動詞",""
"tiếp tục","続ける","動詞",""
"giữ","保つ、持つ","動詞",""
"bỏ","やめる、捨てる","動詞",""
"đem","持ってくる、持っていく","動詞",""
"cầm","持つ、つかむ","動詞",""
"giữ lại","取っておく","動詞",""
"quyết định","決める","動詞",""
"nhận","受け取る、認める","動詞",""
"gửi","送る","動詞",""
"nhận được","受け取る、得る","動詞",""
"hẹn","約束する、予約する","動詞",""
"chờ","待つ","動詞",""
"đợi","待つ","動詞",""
"đón","迎える","動詞",""
"tiễn","見送る","動詞",""
"về nhà","家に帰る","フレーズ",""
"đi học","学校へ行く","フレーズ",""
"đi làm","仕事へ行く","フレーズ",""
"đi chơi","遊びに行く","フレーズ",""
"đi mua sắm","買い物に行く","フレーズ",""
"đi ăn","食事に行く","フレーズ",""
"đi uống cà phê","コーヒーを飲みに行く","フレーズ",""
"đi du lịch","旅行に行く","フレーズ",""
"đi xe","乗り物で行く","フレーズ",""
"về quê","帰省する","フレーズ",""
"đi bệnh viện","病院へ行く","フレーズ",""
"tắm","シャワーを浴びる","フレーズ",""
"tắm gội","入浴・洗髪する","フレーズ",""
"đánh răng","歯を磨く","フレーズ",""
"rửa mặt","顔を洗う","フレーズ",""
"gội đầu","髪を洗う","フレーズ",""
"mặc quần áo","服を着る","フレーズ",""
"cởi quần áo","服を脱ぐ","フレーズ",""
"mua vé","切符を買う","フレーズ",""
"đặt phòng","部屋を予約する","フレーズ",""
"đặt bàn","席を予約する","フレーズ",""
"gọi điện","電話する","フレーズ",""
"nhắn tin","メッセージを送る","フレーズ",""
"chụp ảnh","写真を撮る","フレーズ",""
"nghe nhạc","音楽を聴く","フレーズ",""
"báo","新聞","メディア",""
"tạp chí","雑誌","メディア",""
"thư","手紙","メディア",""
"ảnh","写真","メディア",""
"hình ảnh","画像、写真","メディア",""
"video","動画","メディア",""
"phim","映画","メディア",""
"nhạc","音楽","メディア",""
"bài hát","歌","メディア",""
"truyện","物語","メディア",""
"truyện tranh","漫画","メディア",""
"câu chuyện","話、物語","メディア",""
"tin tức","ニュース","メディア",""
"tin nhắn","メッセージ","メディア",""
"mạng","ネットワーク、インターネット","メディア",""
"internet","インターネット","メディア",""
"wifi","Wi-Fi","メディア",""
"mật khẩu","パスワード","メディア",""
"màn hình","画面","メディア",""
"bàn phím","キーボード","メディア",""
"chuột","マウス","メディア",""
"máy in","プリンター","メディア",""
"máy ảnh","カメラ","メディア",""
"tai nghe","イヤホン、ヘッドホン","メディア",""
"loa","スピーカー","メディア",""
"ứng dụng","アプリ、アプリケーション","メディア",""
"tài khoản","アカウント","メディア",""
"trang web","ウェブサイト","メディア",""
"địa chỉ email","メールアドレス","メディア",""
"tin","知らせ、ニュース","メディア",""
"tải","ダウンロードする、積む","メディア",""
"xóa","削除する","メディア",""
"thị thực","ビザ","旅行,サービス",""
"phòng đơn","シングルルーム","旅行,サービス",""
"phòng đôi","ツイン・ダブルルーム","旅行,サービス",""
"nhận phòng","チェックインする","旅行,サービス",""
"trả phòng","チェックアウトする","旅行,サービス",""
"lễ tân","受付、フロント","旅行,サービス",""
"nhà khách","ゲストハウス","旅行,サービス",""
"tầng","階","旅行,サービス",""
"tầng một","1階","旅行,サービス",""
"cửa ra","出口","旅行,サービス",""
"cửa vào","入口","旅行,サービス",""
"nhà tắm","浴室","旅行,サービス",""
"bãi đỗ xe","駐車場","旅行,サービス",""
"bãi biển","ビーチ","旅行,サービス",""
"trung tâm","中心、センター","旅行,サービス",""
"trung tâm thành phố","市中心部","旅行,サービス",""
"hướng","方向","旅行,サービス",""
"phương hướng","方向","旅行,サービス",""
"đi đâu","どこへ行く","旅行,サービス",""
"đi bằng gì","何で行く","旅行,サービス",""
"mất bao lâu","どのくらいかかる","旅行,サービス",""
"bao xa","どのくらい遠い","旅行,サービス",""
"giúp tôi","私を助けてください","旅行,サービス",""
"cho tôi hỏi","ちょっとお尋ねします","旅行,サービス",""
"ở đâu vậy","どこですか","旅行,サービス",""
"có gần đây không","この近くですか","旅行,サービス",""
"rất nhiều","とても多い","フレーズ",""
"rất ít","とても少ない","フレーズ",""
"nhiều hơn","より多い","フレーズ",""
"ít hơn","より少ない","フレーズ",""
"tốt hơn","より良い","フレーズ",""
"tốt nhất","最も良い","フレーズ",""
"lớn hơn","より大きい","フレーズ",""
"nhỏ hơn","より小さい","フレーズ",""
"nhanh hơn","より速い","フレーズ",""
"chậm hơn","より遅い","フレーズ",""
"đúng rồi","その通りです","フレーズ",""
"đúng không","〜ですよね？","フレーズ",""
"được rồi","わかりました、いいです","フレーズ",""
"không được","だめ、できない","フレーズ",""
"không cần","必要ない","フレーズ",""
"không biết","知らない、わからない","フレーズ",""
"không hiểu","わからない","フレーズ",""
"không muốn","したくない","フレーズ",""
"không thích","好きではない","フレーズ",""
"có rồi","もうある、もうした","フレーズ",""
"chưa có","まだない","フレーズ",""
"chưa biết","まだ知らない","フレーズ",""
"chưa hiểu","まだ理解していない","フレーズ",""
"đã có","すでにある","フレーズ",""
"đã xong","もう終わった","フレーズ",""
"đang làm","今している","フレーズ",""
"sẽ làm","これからする","フレーズ",""
"muốn làm","したい","フレーズ",""
"có thể làm","することができる","フレーズ",""
"phải làm","しなければならない","フレーズ",""
"nên làm","したほうがよい","フレーズ",""
"đừng làm","しないで","フレーズ",""
"hãy làm","してください、しよう","フレーズ",""
"làm sao","どうする、どうやって","フレーズ",""
"vì sao","なぜ","フレーズ",""
"cái gì","何","フレーズ",""
"cái nào","どれ","フレーズ",""
"người nào","誰、どの人","フレーズ",""
"cần phải","〜する必要がある","会話,抽象語",""
"có vẻ","〜のようだ","会話,抽象語",""
"hình như","どうやら、〜のようだ","会話,抽象語",""
"thật sự","本当に","会話,抽象語",""
"thực sự","実際に、本当に","会話,抽象語",""
"chắc chắn","確かに、きっと","会話,抽象語",""
"có lẽ","たぶん","会話,抽象語",""
"tất nhiên","もちろん","会話,抽象語",""
"đặc biệt","特別な","会話,抽象語",""
"bình thường","普通の、普段通り","会話,抽象語",""
"cơ bản","基本的な","会話,抽象語",""
"hiện đại","現代的な","会話,抽象語",""
"thật tốt","本当に良い","会話,抽象語",""
"rất vui","とても嬉しい","会話,抽象語",""
"rất tiếc","とても残念です","会話,抽象語",""
"xin phép","失礼します、許可を求める","会話,抽象語",""
"làm ơn","お願いします","会話,抽象語",""
"cảm ơn bạn","ありがとう","会話,抽象語",""
"hẹn gặp lại","また会いましょう","会話,抽象語",""
"chúc ngủ ngon","おやすみなさい","会話,抽象語",""
"chúc may mắn","幸運を祈ります","会話,抽象語",""
"chúc mừng","おめでとう","会話,抽象語",""
"sinh nhật","誕生日","会話,抽象語",""
"quà","プレゼント","会話,抽象語",""
"lễ hội","祭り、フェスティバル","会話,抽象語",""
"tết","テト（ベトナムの旧正月）","会話,抽象語",""
"đám cưới","結婚式","会話,抽象語",""
"đám tang","葬式","会話,抽象語",""
"bữa tiệc","パーティー、宴会","会話,抽象語",""
"cuộc sống","生活、人生","会話,抽象語",""
"cuộc đời","人生、生涯","会話,抽象語",""
"thói quen","習慣","会話,抽象語",""
"sở thích","趣味","会話,抽象語",""
"ước mơ","夢、願い","会話,抽象語",""
"mục tiêu","目標","会話,抽象語",""
"lý do","理由","会話,抽象語",""
"vấn đề","問題","会話,抽象語",""
"ý kiến","意見","会話,抽象語",""
"ý tưởng","アイデア","会話,抽象語",""
"kết quả","結果","会話,抽象語",""
"cơ hội","機会","会話,抽象語",""
"thành công","成功","会話,抽象語",""
"thất bại","失敗","会話,抽象語",""
"lựa chọn","選択","会話,抽象語",""
"cách","方法、やり方","会話,抽象語",""
"đầu tiên","最初、第一","頻度,時間",""
"cuối cùng","最後、ついに","頻度,時間",""
"tiếp theo","次に、次の","頻度,時間",""
"cùng nhau","一緒に","頻度,時間",""
"mỗi ngày","毎日","頻度,時間",""
"mỗi tuần","毎週","頻度,時間",""
"mỗi tháng","毎月","頻度,時間",""
"mỗi năm","毎年","頻度,時間",""
"hàng ngày","毎日、日々","頻度,時間",""
"hàng tuần","毎週","頻度,時間",""
"hàng tháng","毎月","頻度,時間",""
"hàng năm","毎年","頻度,時間",""
